voucher_code,category,sub_category,claimed,redeemed
BAMBOO100,Vận tải - Giao vận,Hàng không,10.0,10.0
BAMBOO1000,Vận tải - Giao vận,Hàng không,1.0,1.0
BAMBOO500,Vận tải - Giao vận,Hàng không,3.0,3.0
FLASHSALE12_BILLPAY30K,0,0,0.0,16.0
INNISFREE_04012023,0,0,1.0,0.0
MAA_ANMIENSPATANBINH_24012024_SF4576,Sức khỏe - Làm đẹp,Spa - Thẩm mỹ,12.0,0.0
MAA_ANMIENSPA_24012024_SF4567,Sức khỏe - Làm đẹp,Spa - Thẩm mỹ,32.0,2.0
MAA_ANMIENSPA_24012024_SF4568,Sức khỏe - Làm đẹp,Spa - Thẩm mỹ,17.0,0.0
MAA_ANSSPA_24012024_SF4569,Sức khỏe - Làm đẹp,Spa - Thẩm mỹ,20.0,0.0
MAA_ANSSPA_24012024_SF4572,Sức khỏe - Làm đẹp,Spa - Thẩm mỹ,4.0,1.0
MAA_AROMA_20012024_SF4489,Giáo dục,Khóa học,11.0,1.0
MAA_AURABOX_25122023_SF4354,Sức khỏe - Làm đẹp,Spa - Thẩm mỹ,21.0,0.0
MAA_AURABOX_30122023_SF4421,Sức khỏe - Làm đẹp,Spa - Thẩm mỹ,22.0,3.0
MAA_BEPLANH_12012024_SF4494,Ẩm thực,Nhà hàng - Quán ăn,174.0,6.0
MAA_CASHION_28122023_SF4388,Thời trang và Phong cách sống,Thời trang,54.0,10.0
MAA_COMTHOBACHKHOA_01122023_SF4282,Ẩm thực,Nhà hàng - Quán ăn,524.0,53.0
MAA_COOLMATE_01122023_SF4236,Thời trang và Phong cách sống,Thời trang,114.0,28.0
MAA_COOLMATE_01122023_SF4248,Thời trang và Phong cách sống,Thời trang,211.0,56.0
MAA_COOLMATE_110122024_TangAo,Thời trang và Phong cách sống,Thời trang,248.0,45.0
MAA_COOLMATE_110122024_giam15,Thời trang và Phong cách sống,Thời trang,150.0,28.0
MAA_DECATHLON_10112023_31012024,Thời trang và Phong cách sống,Thời trang,44.0,9.0
MAA_DECATHLON_10112023_SF4194,Thời trang và Phong cách sống,Thời trang,18.0,3.0
MAA_DECATHLON_10112023_SF4195,Thời trang và Phong cách sống,Thời trang,13.0,3.0
MAA_DIAG_30112023_SF4274,Ẩm thực,Bệnh viện - Phòng khám,482.0,62.0
MAA_DINGTEA_08122023_SF4280_CL,Ẩm thực,Đồ uống,283.0,17.0
MAA_DINGTEA_08122023_SF4281,Ẩm thực,Đồ uống,294.0,91.0
MAA_DINGTEA_08122023_SF4366,Ẩm thực,Đồ uống,54.0,2.0
MAA_DLYNKCLINIC_24012024_SF4564,Sức khỏe - Làm đẹp,Spa - Thẩm mỹ,50.0,5.0
MAA_DLYNKCLINIC_24012024_SF4565,Sức khỏe - Làm đẹp,Spa - Thẩm mỹ,7.0,1.0
MAA_ELSASPEAK_24102023_SF4121,Giáo dục,Khóa học,27.0,2.0
MAA_ELSASPEAK_24102023_SF4122,Giáo dục,Khóa học,13.0,0.0
MAA_EMIMIEBYHAPPYSKIN_25122023_SF4373,Sức khỏe - Làm đẹp,"Mỹ phẩm - Chăm sóc da, tóc",40.5,2.0
MAA_EMIMIEBYHAPPYSKIN_25122023_SF4373,Sức khỏe - Làm đẹp,Spa - Thẩm mỹ,40.5,2.0
MAA_EMMIEBYHAPPYSKIN_25122023_SF4371,Sức khỏe - Làm đẹp,"Mỹ phẩm - Chăm sóc da, tóc",4.0,0.5
MAA_EMMIEBYHAPPYSKIN_25122023_SF4371,Sức khỏe - Làm đẹp,Spa - Thẩm mỹ,4.0,0.5
MAA_EMMIEBYHAPPYSKIN_25122023_SF4372,Sức khỏe - Làm đẹp,"Mỹ phẩm - Chăm sóc da, tóc",19.5,1.0
MAA_EMMIEBYHAPPYSKIN_25122023_SF4372,Sức khỏe - Làm đẹp,Spa - Thẩm mỹ,19.5,1.0
MAA_GENSOLUTION_25122023_SF4415,Sức khỏe - Làm đẹp,Bệnh viện - Phòng khám,5.0,1.0
MAA_GENSOLUTION_25122023_SF4416,Sức khỏe - Làm đẹp,Bệnh viện - Phòng khám,5.0,0.0
MAA_GENSOLUTION_25122023_SF4417,Sức khỏe - Làm đẹp,Bệnh viện - Phòng khám,4.0,0.0
MAA_GENSOLUTION_25122023_SF4418,Sức khỏe - Làm đẹp,Bệnh viện - Phòng khám,3.0,0.0
MAA_GOCHEAP_12082023_SF3668,Vận tải - Giao vận,Vận tải - Giao vận khác,7.0,0.0
MAA_GOGIHOUSE_27012024_SF4579,Ẩm thực,Nhà hàng - Quán ăn,150.0,108.0
MAA_GONGCHA_20012024_SF4488,Ẩm thực,Đồ uống,1675.0,96.0
MAA_GONGCHA_27122023_SF4345,Ẩm thực,Đồ uống,3674.0,238.0
MAA_GRAB_13102023_SF4014,Bán lẻ FMCG,Cửa hàng tiện lợi,0.09090909090909091,0.09090909090909091
MAA_GRAB_13102023_SF4014,Bán lẻ FMCG,Siêu thị,0.09090909090909091,0.09090909090909091
MAA_GRAB_13102023_SF4014,Mẹ & bé,0,0.09090909090909091,0.09090909090909091
MAA_GRAB_13102023_SF4014,Sức khỏe - Làm đẹp,"Mỹ phẩm - Chăm sóc da, tóc",0.09090909090909091,0.09090909090909091
MAA_GRAB_13102023_SF4014,Thương mại điện tử,0,0.09090909090909091,0.09090909090909091
MAA_GRAB_13102023_SF4014,Thương mại điện tử,Thương mại điện tử,0.09090909090909091,0.09090909090909091
MAA_GRAB_13102023_SF4014,Thời trang và Phong cách sống,Thời trang,0.09090909090909091,0.09090909090909091
MAA_GRAB_13102023_SF4014,Tiện ích - Nhà mạng,Viễn thông,0.09090909090909091,0.09090909090909091
MAA_GRAB_13102023_SF4014,Vận tải - Giao vận,Dịch vụ giao hàng,0.09090909090909091,0.09090909090909091
MAA_GRAB_13102023_SF4014,Ẩm thực,Nhà hàng - Quán ăn,0.09090909090909091,0.09090909090909091
MAA_GRAB_13102023_SF4014,Ẩm thực,Đồ uống,0.09090909090909091,0.09090909090909091
MAA_HAPPYSKINBEAUTYCLINIC_25122023_SF4401,Sức khỏe - Làm đẹp,"Mỹ phẩm - Chăm sóc da, tóc",11.5,0.5
MAA_HAPPYSKINBEAUTYCLINIC_25122023_SF4401,Sức khỏe - Làm đẹp,Spa - Thẩm mỹ,11.5,0.5
MAA_HAPPYSKINBEAUTYCLINIC_25122023_SF4402,Sức khỏe - Làm đẹp,"Mỹ phẩm - Chăm sóc da, tóc",40.5,1.5
MAA_HAPPYSKINBEAUTYCLINIC_25122023_SF4402,Sức khỏe - Làm đẹp,Spa - Thẩm mỹ,40.5,1.5
MAA_HOMBEAUTY_01112023_SF4124,Sức khỏe - Làm đẹp,Spa - Thẩm mỹ,86.0,5.0
MAA_HOMBEAUTY_24012024_SF4563,Sức khỏe - Làm đẹp,Spa - Thẩm mỹ,26.0,2.0
MAA_KFC_01012024_SF4346,Ẩm thực,Nhà hàng - Quán ăn,11073.0,2360.0
MAA_KFC_01012024_SF4349,Ẩm thực,Nhà hàng - Quán ăn,6769.0,1656.0
MAA_LISASPA_24012024_SF4566,Sức khỏe - Làm đẹp,Spa - Thẩm mỹ,26.0,0.0
MAA_LONGHAIRSALON_01112023_SF4135,Sức khỏe - Làm đẹp,Spa - Thẩm mỹ,72.0,6.0
MAA_MANWAH_27012024_SF4582,Ẩm thực,Nhà hàng - Quán ăn,150.0,87.0
MAA_MHJCLINIC_01112023_SF4125,Sức khỏe - Làm đẹp,Spa - Thẩm mỹ,155.0,16.0
MAA_NAGAKAWA_25122023_SF4395,Nhà cửa - Đời sống,Gia dụng,24.0,6.0
MAA_NAGAKAWA_25122023_SF4398,Nhà cửa - Đời sống,Gia dụng,6.0,2.0
MAA_OKINIWELLNESSSPA_24012024_SF4573,Sức khỏe - Làm đẹp,Spa - Thẩm mỹ,8.0,0.0
MAA_OKINIWELLNESSSPA_24012024_SF4574,Sức khỏe - Làm đẹp,Spa - Thẩm mỹ,18.0,0.0
MAA_PMTAESTHETICCLINIC_01112023_SF4126,Sức khỏe - Làm đẹp,Spa - Thẩm mỹ,100.0,10.0
MAA_SAPPACADEMY_30122023_SF4423,Giáo dục,Khóa học,20.0,4.0
MAA_SCOTSENGLISH_05122023_SF4420,Giáo dục,Khóa học,44.0,0.0
MAA_SCOTSENGLISH_25102023_SF4391,Giáo dục,Khóa học,48.0,2.0
MAA_SMILEBEAUTY_30122023_SF4426,Sức khỏe - Làm đẹp,Nha khoa,25.0,0.0
MAA_SMILEBEAUTY_30122023_SF4427,Sức khỏe - Làm đẹp,Nha khoa,997.0,58.0
MAA_SUACHUATRANCHAUHALONG_20012024_SF4497,Ẩm thực,Cửa hàng kem/bánh/kẹo,1950.0,37.0
MAA_SUNHOUSE_27122023_SF4353,Nhà cửa - Đời sống,Gia dụng,48.0,10.0
MAA_THAODIENSALONHAIRSPABEAUTY_01112023_SF4127,Sức khỏe - Làm đẹp,Spa - Thẩm mỹ,309.0,24.0
MAA_THAODIENSALONHAIRSPABEAUTY_01112023_SF4142,Sức khỏe - Làm đẹp,Spa - Thẩm mỹ,30.0,4.0
MAA_TORANO_24102023_SF4102,Thời trang và Phong cách sống,Thời trang,412.0,16.0
MAA_TORANO_24102023_SF4112,Thời trang và Phong cách sống,Thời trang,212.0,16.0
MAA_TORANO_24102023_SF4113,Thời trang và Phong cách sống,Thời trang,51.0,1.0
MAA_TORANO_24102023_SF4114,Thời trang và Phong cách sống,Thời trang,56.0,1.0
MAA_TORANO_24102023_SF4120,Thời trang và Phong cách sống,Thời trang,49.0,4.0
MAA_TRANGBEAUTYNAILCARE_01112023_SF4128,Sức khỏe - Làm đẹp,Spa - Thẩm mỹ,49.0,5.0
MAA_TRANGBEAUTYNAILCARE_01112023_SF4129,Sức khỏe - Làm đẹp,Spa - Thẩm mỹ,85.0,10.0
MAA_TUELAMBEAUTY_24012024_SF4562,Sức khỏe - Làm đẹp,Spa - Thẩm mỹ,41.0,3.0
MAA_USNAILSPACALABEAUTYCENTER_24012024_SF4575,Sức khỏe - Làm đẹp,Spa - Thẩm mỹ,29.0,0.0
MAA_VENESA_22012024_SF4606,Sức khỏe - Làm đẹp,Spa - Thẩm mỹ,6.0,0.0
MAA_VUANEM_01022024_SF4596,Nhà cửa - Đời sống,Nội thất,82.0,19.0
MAA_VUANEM_01092023_SF3801,Nhà cửa - Đời sống,Nội thất,121.0,48.0
MAA_WONHEEKOREA_01112023_SF4130,Sức khỏe - Làm đẹp,Spa - Thẩm mỹ,15.0,3.0
MAA_WONHEEKOREA_01112023_SF4132,Sức khỏe - Làm đẹp,Spa - Thẩm mỹ,64.0,8.0
MAA_YENSPA_01112023_SF4137,Sức khỏe - Làm đẹp,Spa - Thẩm mỹ,9.0,2.0
MAA_YENSPA_01112023_SF4138,Sức khỏe - Làm đẹp,Spa - Thẩm mỹ,35.0,3.0
MAA_YENTRANGBEAUTY_24012024_SF4577,Sức khỏe - Làm đẹp,Spa - Thẩm mỹ,16.0,1.0
MAA_YENTRANGBEAUTY_24012024_SF4578,Sức khỏe - Làm đẹp,Spa - Thẩm mỹ,2.0,0.0
MAA_YUACADEMY_01112023_SF4139,Sức khỏe - Làm đẹp,Spa - Thẩm mỹ,70.0,3.0
MAP_CITiGYM_27062023_SF3464,Sức khỏe - Làm đẹp,Phòng tập,73.0,12.0
MA_ADIDAS_20012024_SF4501,Sức khỏe - Làm đẹp,"Mỹ phẩm - Chăm sóc da, tóc",103.33333333333333,6.0
MA_ADIDAS_20012024_SF4501,Thời trang và Phong cách sống,Thời trang,103.33333333333333,6.0
MA_ADIDAS_20012024_SF4501,Thời trang và Phong cách sống,Trang sức - Phụ kiện,103.33333333333333,6.0
MA_AHAMOVE_01122023_SF4262,Vận tải - Giao vận,Dịch vụ giao hàng,100.0,56.0
MA_AHAMOVE_01122023_SF4266,Vận tải - Giao vận,Dịch vụ giao hàng,0.0,4.0
MA_AIRBIKE_12012024_SF4435,Khác,0,21.0,4.5
MA_AIRBIKE_12012024_SF4435,Nhà cửa - Đời sống,Gia dụng,21.0,4.5
MA_AMAREWELLNESSCENTER_01122023_SF4285,Sức khỏe - Làm đẹp,Spa - Thẩm mỹ,27.0,2.0
MA_ASAP_21122023_SF4364,Sức khỏe - Làm đẹp,"Mỹ phẩm - Chăm sóc da, tóc",11.0,3.0
MA_BEAR_24102023_SF4144,Nhà cửa - Đời sống,Gia dụng,27.0,5.0
MA_BEGROUP_30012024_SF4561,Vận tải - Giao vận,Dịch vụ giao hàng,150.0,64.5
MA_BEGROUP_30012024_SF4561,Vận tải - Giao vận,Ứng dụng gọi xe - Taxi,150.0,64.5
MA_BELLDUC_25122023_SF4381,Nhà cửa - Đời sống,Gia dụng,15.0,3.0
MA_BENHVIENTHUCUC_01122023_SF4283,Sức khỏe - Làm đẹp,Bệnh viện - Phòng khám,16.0,1.0
MA_BENHVIENTHUCUC_01122023_SF4284,Sức khỏe - Làm đẹp,Bệnh viện - Phòng khám,40.0,1.0
MA_BENHVIENTHUCUC_01122023_SF4375,Sức khỏe - Làm đẹp,Bệnh viện - Phòng khám,40.0,2.0
MA_BENHVIENTHUCUC_01122023_SF4376,Sức khỏe - Làm đẹp,Bệnh viện - Phòng khám,15.0,0.0
MA_BENHVIENTHUCUC_01122023_SF4377,Sức khỏe - Làm đẹp,Bệnh viện - Phòng khám,57.0,3.0
MA_BE_10012024_SF4485,Vận tải - Giao vận,Dịch vụ giao hàng,1528.5,325.5
MA_BE_10012024_SF4485,Vận tải - Giao vận,Ứng dụng gọi xe - Taxi,1528.5,325.5
MA_BE_10012024_SF4486,Vận tải - Giao vận,Dịch vụ giao hàng,1150.0,266.0
MA_BE_10012024_SF4486,Vận tải - Giao vận,Ứng dụng gọi xe - Taxi,1150.0,266.0
MA_BIODERMA_21122023_SF4338,Sức khỏe - Làm đẹp,"Mỹ phẩm - Chăm sóc da, tóc",390.0,64.0
MA_BLACKMORRES_21122023_SF4389,Sức khỏe - Làm đẹp,"Mỹ phẩm - Chăm sóc da, tóc",190.0,16.0
MA_BOTOQUANMOC_15112023_SF4200,Ẩm thực,Nhà hàng - Quán ăn,1206.0,51.0
MA_BTASKEE_02062023_SF3423,Nhà cửa - Đời sống,Dịch vụ hỗ trợ gia đình,3742.0,1535.0
MA_BTASKEE_02062023_SF3424,Nhà cửa - Đời sống,Dịch vụ hỗ trợ gia đình,695.0,408.0
MA_CALIFORNIAFITNESS_05082022_SF1680,Sức khỏe - Làm đẹp,Phòng tập,512.0,84.0
MA_CANIFA_17012024_SF4518,Thời trang và Phong cách sống,Thời trang,1200.0,115.0
MA_CHANEL_20012024_SF4507,Sức khỏe - Làm đẹp,"Mỹ phẩm - Chăm sóc da, tóc",15.0,2.0
MA_CHANEL_20012024_SF4507,Thời trang và Phong cách sống,Thời trang,15.0,2.0
MA_CHANEL_20012024_SF4507,Thời trang và Phong cách sống,Trang sức - Phụ kiện,15.0,2.0
MA_CMSEDU_15112023_SF4204,Giáo dục,Khóa học,1.0,0.0
MA_COACH_20012024_SF4514,Sức khỏe - Làm đẹp,"Mỹ phẩm - Chăm sóc da, tóc",7.666666666666667,0.3333333333333333
MA_COACH_20012024_SF4514,Thời trang và Phong cách sống,Thời trang,7.666666666666667,0.3333333333333333
MA_COACH_20012024_SF4514,Thời trang và Phong cách sống,Trang sức - Phụ kiện,7.666666666666667,0.3333333333333333
MA_COFFILIA_20012024_SF4515,Ẩm thực,Đồ uống,150.0,5.0
MA_DAIRYQUEEN_05012024_SF4483,Ẩm thực,Cửa hàng kem/bánh/kẹo,146.0,4.0
MA_DAIRYQUEEN_05012024_SF4484,Ẩm thực,Cửa hàng kem/bánh/kẹo,1543.0,192.0
MA_DEVEMEN_16122023_SF4360,Sức khỏe - Làm đẹp,"Mỹ phẩm - Chăm sóc da, tóc",1.0,0.0
MA_DHC_19102023_SF4030,Sức khỏe - Làm đẹp,"Mỹ phẩm - Chăm sóc da, tóc",2.0,0.0
MA_DIOR_20012024_SF4506,Sức khỏe - Làm đẹp,"Mỹ phẩm - Chăm sóc da, tóc",22.0,4.333333333333333
MA_DIOR_20012024_SF4506,Thời trang và Phong cách sống,Thời trang,22.0,4.333333333333333
MA_DIOR_20012024_SF4506,Thời trang và Phong cách sống,Trang sức - Phụ kiện,22.0,4.333333333333333
MA_ELITEFITNESS_21042023_SF3219,Sức khỏe - Làm đẹp,Phòng tập,6.0,4.0
MA_ELITEFITNESS_21042023_SF3220,Sức khỏe - Làm đẹp,Phòng tập,86.0,22.0
MA_ESTEELAUDER_20012024_SF4512,Sức khỏe - Làm đẹp,"Mỹ phẩm - Chăm sóc da, tóc",14.0,1.0
MA_ESTEELAUDER_20012024_SF4512,Thời trang và Phong cách sống,Thời trang,14.0,1.0
MA_ESTEELAUDER_20012024_SF4512,Thời trang và Phong cách sống,Trang sức - Phụ kiện,14.0,1.0
MA_GREENCOOK_15112023_SF4199,Nhà cửa - Đời sống,Gia dụng,206.0,84.0
MA_GSM_18092023_SF3852,Vận tải - Giao vận,Ứng dụng gọi xe - Taxi,185.0,209.0
MA_GSM_18092023_SF3856,Vận tải - Giao vận,Ứng dụng gọi xe - Taxi,769.0,654.0
MA_HATHORBEAUTYSPA_12102023_SF3968,Sức khỏe - Làm đẹp,Spa - Thẩm mỹ,9.0,0.0
MA_HATHORBEAUTYSPA_12102023_SF3969,Sức khỏe - Làm đẹp,Spa - Thẩm mỹ,36.0,4.0
MA_HATHORBEAUTYSPA_26052023_SF3334,Sức khỏe - Làm đẹp,Spa - Thẩm mỹ,105.0,21.0
MA_HATHORBEAUTYSPA_26052023_SF3335,Sức khỏe - Làm đẹp,Spa - Thẩm mỹ,49.0,4.0
MA_HAXUVINA_15112023_SF4286,Thương mại điện tử,Thương mại điện tử,3.0,0.0
MA_HEALTHYCARE_25122023_SF4383,Sức khỏe - Làm đẹp,"Mỹ phẩm - Chăm sóc da, tóc",7.5,2.5
MA_HEALTHYCARE_25122023_SF4383,Sức khỏe - Làm đẹp,Thực phẩm chức năng - CSSK,7.5,2.5
MA_HEALTHYCARE_25122023_SF4384,Sức khỏe - Làm đẹp,"Mỹ phẩm - Chăm sóc da, tóc",4.5,0.5
MA_HEALTHYCARE_25122023_SF4384,Sức khỏe - Làm đẹp,Thực phẩm chức năng - CSSK,4.5,0.5
MA_HEALTHYCARE_29122023_SF4386,Sức khỏe - Làm đẹp,"Mỹ phẩm - Chăm sóc da, tóc",5.5,0.0
MA_HEALTHYCARE_29122023_SF4386,Sức khỏe - Làm đẹp,Thực phẩm chức năng - CSSK,5.5,0.0
MA_HIGHLANDS_01022024_SF4599,Ẩm thực,Đồ uống,13539.0,6151.0
MA_HIGHLANDS_01022024_SF4600,Ẩm thực,Đồ uống,4719.0,861.0
MA_HIGHLANDS_01022024_SF4601,Ẩm thực,Đồ uống,6681.0,1167.0
MA_HIGHLANDS_01022024_SF4602,Ẩm thực,Đồ uống,16579.0,6635.0
MA_HIGHLANDS_02012024_SF4406,Ẩm thực,Đồ uống,18436.0,8826.0
MA_HIGHLANDS_02012024_SF4407,Ẩm thực,Đồ uống,2815.0,494.0
MA_HIGHLANDS_02012024_SF4410,Ẩm thực,Đồ uống,10301.0,4492.0
MA_HIGHLANDS_02012024_SF4414,Ẩm thực,Đồ uống,4957.0,1329.0
MA_HIGHLANDS_02012024_SF4475,Ẩm thực,Đồ uống,7138.0,3393.0
MA_HIGHLANDS_10012024_SF4447,Ẩm thực,Đồ uống,2356.0,697.0
MA_HIGHLANDS_10012024_SF4448,Ẩm thực,Đồ uống,4624.0,1286.0
MA_HISPA_19122023_SF4368,Sức khỏe - Làm đẹp,Spa - Thẩm mỹ,7.0,1.0
MA_HYPOXI_01122023_SF4267,Sức khỏe - Làm đẹp,Phòng tập,49.0,1.0
MA_Hoayeuthuong_05122023_SF4277,Nhà cửa - Đời sống,Hoa & Quà lưu niệm,246.0,34.0
MA_JUPVIEC_15112023_SF4205,Nhà cửa - Đời sống,Dịch vụ hỗ trợ gia đình,11.0,5.0
MA_KACHI_18102023_SF4032,Khác,0,1.5,0.5
MA_KACHI_18102023_SF4032,Nhà cửa - Đời sống,Gia dụng,1.5,0.5
MA_KATINATCAFE_30012024_SF4559,Ẩm thực,Đồ uống,300.0,160.0
MA_KHRUABAANTHAI_15122023_SF4363,Ẩm thực,Nhà hàng - Quán ăn,461.0,21.0
MA_KORIN_12012024_SF4496,Nhà cửa - Đời sống,Gia dụng,12.0,0.0
MA_LACOSTE_16112023_SF4211,Sức khỏe - Làm đẹp,"Mỹ phẩm - Chăm sóc da, tóc",0.6666666666666666,0.0
MA_LACOSTE_16112023_SF4211,Thời trang và Phong cách sống,Thời trang,0.6666666666666666,0.0
MA_LACOSTE_16112023_SF4211,Thời trang và Phong cách sống,Trang sức - Phụ kiện,0.6666666666666666,0.0
MA_LACOSTE_20012024_SF4502,Sức khỏe - Làm đẹp,"Mỹ phẩm - Chăm sóc da, tóc",8.0,0.3333333333333333
MA_LACOSTE_20012024_SF4502,Thời trang và Phong cách sống,Thời trang,8.0,0.3333333333333333
MA_LACOSTE_20012024_SF4502,Thời trang và Phong cách sống,Trang sức - Phụ kiện,8.0,0.3333333333333333
MA_LADOMAX_29122023_SF4382,Nhà cửa - Đời sống,Gia dụng,64.0,17.0
MA_LEMONDESTEAK_02012024_SF4428,Ẩm thực,Nhà hàng - Quán ăn,1618.0,71.0
MA_LIFETRONS_18102023_SF4197,Sức khỏe - Làm đẹp,"Mỹ phẩm - Chăm sóc da, tóc",1.0,0.0
MA_LOCATVN_05122023_SF4276,Nhà cửa - Đời sống,Hoa & Quà lưu niệm,274.0,51.0
MA_MAC_20012024_SF4510,Sức khỏe - Làm đẹp,"Mỹ phẩm - Chăm sóc da, tóc",24.666666666666668,3.0
MA_MAC_20012024_SF4510,Thời trang và Phong cách sống,Thời trang,24.666666666666668,3.0
MA_MAC_20012024_SF4510,Thời trang và Phong cách sống,Trang sức - Phụ kiện,24.666666666666668,3.0
MA_MAYBELLINE_21122023_SF4359,Sức khỏe - Làm đẹp,"Mỹ phẩm - Chăm sóc da, tóc",49.0,6.0
MA_MERRIMAN_28092023_SF3886,Sức khỏe - Làm đẹp,"Mỹ phẩm - Chăm sóc da, tóc",158.0,134.0
MA_MISHIO_05012024_SF4431,Khác,0,24.0,5.5
MA_MISHIO_05012024_SF4431,Nhà cửa - Đời sống,Gia dụng,24.0,5.5
MA_MISHIO_05012024_SF4432,Khác,0,23.0,5.5
MA_MISHIO_05012024_SF4432,Nhà cửa - Đời sống,Gia dụng,23.0,5.5
MA_MISHIO_05012024_SF4433,Khác,0,47.0,4.0
MA_MISHIO_05012024_SF4433,Nhà cửa - Đời sống,Gia dụng,47.0,4.0
MA_MISHIO_08122023_SF4269,Khác,0,202.5,69.5
MA_MISHIO_08122023_SF4269,Nhà cửa - Đời sống,Gia dụng,202.5,69.5
MA_MLB_20012024_SF4503,Sức khỏe - Làm đẹp,"Mỹ phẩm - Chăm sóc da, tóc",75.0,7.0
MA_MLB_20012024_SF4503,Thời trang và Phong cách sống,Thời trang,75.0,7.0
MA_MLB_20012024_SF4503,Thời trang và Phong cách sống,Trang sức - Phụ kiện,75.0,7.0
MA_MYKINGDOM_05022024_SF4614,Mẹ & bé,0,71.0,7.0
MA_May10_22012024_SF4603,Thời trang và Phong cách sống,Thời trang,259.0,14.0
MA_NHAKHOAVIETDUC_20012024_SF4499,Sức khỏe - Làm đẹp,Nha Khoa,40.0,0.0
MA_NIKE_20012024_SF4505,Sức khỏe - Làm đẹp,"Mỹ phẩm - Chăm sóc da, tóc",126.0,11.666666666666666
MA_NIKE_20012024_SF4505,Thời trang và Phong cách sống,Thời trang,126.0,11.666666666666666
MA_NIKE_20012024_SF4505,Thời trang và Phong cách sống,Trang sức - Phụ kiện,126.0,11.666666666666666
MA_NINESHIELD_28122023_SF4379,Nhà cửa - Đời sống,Gia dụng,101.0,24.0
MA_NUXE_21122023_SF4339,Sức khỏe - Làm đẹp,"Mỹ phẩm - Chăm sóc da, tóc",14.0,1.0
MA_Nagakawa_25122023_SF4397,Nhà cửa - Đời sống,Gia dụng,2.0,0.0
MA_OBAGI_21122023_SF4358,Sức khỏe - Làm đẹp,"Mỹ phẩm - Chăm sóc da, tóc",392.0,43.0
MA_PNJSILVER_12012024_SF4478,Thời trang và Phong cách sống,Trang sức - Phụ kiện,2000.0,1440.0
MA_PNJ_12012024_SF4479,Thời trang và Phong cách sống,Trang sức - Phụ kiện,6459.0,4361.0
MA_PNJ_12012024_SF4480,Thời trang và Phong cách sống,Trang sức - Phụ kiện,6262.0,5092.0
MA_POTICO_15122023_SF4362,Nhà cửa - Đời sống,Hoa & Quà lưu niệm,193.0,16.0
MA_QUANNHAUTUDO_20012024_SF4516,Ẩm thực,Nhà hàng - Quán ăn,676.0,18.0
MA_RAUMAMIX_01122023_SF4265,Ẩm thực,Đồ uống,667.0,77.0
MA_SALADIN_28122023_SF4378,Dịch vụ tài chính,Bảo hiểm,16.0,1.0
MA_SHANGCHI_02012024_SF4430,Ẩm thực,Nhà hàng - Quán ăn,952.0,112.0
MA_SHISEIDO_05112023_SF4140,Sức khỏe - Làm đẹp,"Mỹ phẩm - Chăm sóc da, tóc",831.0,257.0
MA_SPA100THAOMOC_26122023_SF4350,Sức khỏe - Làm đẹp,Spa - Thẩm mỹ,103.0,0.0
MA_SPA100THAOMOC_26122023_SF4419,Sức khỏe - Làm đẹp,Spa - Thẩm mỹ,18.0,0.0
MA_STYLEBYPNJ_12012024_SF4476,Thời trang và Phong cách sống,Trang sức - Phụ kiện,579.0,113.0
MA_STYLEBYPNJ_12012024_SF4477,Thời trang và Phong cách sống,Trang sức - Phụ kiện,1140.0,455.0
MA_SWAROVSKI_20012024_SF4509,Sức khỏe - Làm đẹp,"Mỹ phẩm - Chăm sóc da, tóc",22.0,1.3333333333333333
MA_SWAROVSKI_20012024_SF4509,Thời trang và Phong cách sống,Thời trang,22.0,1.3333333333333333
MA_SWAROVSKI_20012024_SF4509,Thời trang và Phong cách sống,Trang sức - Phụ kiện,22.0,1.3333333333333333
MA_SWENSENSCAKE_04012024_SF4482,Ẩm thực,Cửa hàng kem/bánh/kẹo,23.0,2.0
MA_SWENSENS_01102023_SF3872,Ẩm thực,Cửa hàng kem/bánh/kẹo,634.0,90.0
MA_SWENSENS_04012024_SF4481,Ẩm thực,Cửa hàng kem/bánh/kẹo,466.0,64.0
MA_TEFAL_22122023_SF4352,Nhà cửa - Đời sống,Gia dụng,32.0,3.0
MA_TEKY_16112023_SF4252,Giáo dục,Khóa học,422.0,54.0
MA_TMVNGOCDUNG_12102023_SF3958,Sức khỏe - Làm đẹp,Spa - Thẩm mỹ,3.0,1.0
MA_TMVNGOCDUNG_25012024_SF4523,Sức khỏe - Làm đẹp,Spa - Thẩm mỹ,239.0,41.0
MA_VERSACE_20012024_SF4513,Sức khỏe - Làm đẹp,"Mỹ phẩm - Chăm sóc da, tóc",12.333333333333334,2.0
MA_VERSACE_20012024_SF4513,Thời trang và Phong cách sống,Thời trang,12.333333333333334,2.0
MA_VERSACE_20012024_SF4513,Thời trang và Phong cách sống,Trang sức - Phụ kiện,12.333333333333334,2.0
MA_WINSMILE_12092023_SF3867,Sức khỏe - Làm đẹp,Nha Khoa,174.0,27.0
MA_WINSMILE_12092023_SF3868,Sức khỏe - Làm đẹp,Nha Khoa,43.0,0.0
MA_WINSMILE_12102023_SF3970,Sức khỏe - Làm đẹp,Nha Khoa,41.0,1.0
MA_WINSMILE_12102023_SF3971,Sức khỏe - Làm đẹp,Nha Khoa,36.0,2.0
MA_YAKIMONO_02012024_SF4429,Ẩm thực,Nhà hàng - Quán ăn,1699.0,177.0
MA_YSL_20012024_SF4508,Sức khỏe - Làm đẹp,"Mỹ phẩm - Chăm sóc da, tóc",7.333333333333333,0.3333333333333333
MA_YSL_20012024_SF4508,Thời trang và Phong cách sống,Thời trang,7.333333333333333,0.3333333333333333
MA_YSL_20012024_SF4508,Thời trang và Phong cách sống,Trang sức - Phụ kiện,7.333333333333333,0.3333333333333333
MA_YUHUA_15112023_SF4253,Ẩm thực,Nhà hàng - Quán ăn,556.0,16.0
MA_iBasic_10122023_SF4278,Thời trang và Phong cách sống,Thời trang,782.0,129.0
MA_iBasic_10122023_SF4367,Thời trang và Phong cách sống,Thời trang,116.0,30.0
MICHAELKORS_20012024_SF4472,Sức khỏe - Làm đẹp,"Mỹ phẩm - Chăm sóc da, tóc",13.666666666666666,0.6666666666666666
MICHAELKORS_20012024_SF4472,Thời trang và Phong cách sống,Thời trang,13.666666666666666,0.6666666666666666
MICHAELKORS_20012024_SF4472,Thời trang và Phong cách sống,Trang sức - Phụ kiện,13.666666666666666,0.6666666666666666
OMC_Viettel50_active,Tiện ích - Nhà mạng,Viễn thông,3.0,3.0
SAPPACADEMY_30122023_SF4412,Giáo dục,Khóa học,149.0,18.0
THEORDINARY_17032023_SF3032,Sức khỏe - Làm đẹp,"Mỹ phẩm - Chăm sóc da, tóc",25.0,20.0
VIETNAMAIRLINES_30122020_1,Vận tải - Giao vận,Hàng không,166.0,166.0
VIETNAMAIRLINES_30122020_2,Vận tải - Giao vận,Hàng không,86.0,86.0
VIETNAMAIRLINES_30122020_3,Vận tải - Giao vận,Hàng không,80.0,80.0
xXC10173,Bán lẻ FMCG,Cửa hàng tiện lợi,0.0,0.45454545454545453
xXC10173,Bán lẻ FMCG,Siêu thị,0.0,0.45454545454545453
xXC10173,Mẹ & bé,0,0.0,0.45454545454545453
xXC10173,Sức khỏe - Làm đẹp,"Mỹ phẩm - Chăm sóc da, tóc",0.0,0.45454545454545453
xXC10173,Thương mại điện tử,0,0.0,0.45454545454545453
xXC10173,Thương mại điện tử,Thương mại điện tử,0.0,0.45454545454545453
xXC10173,Thời trang và Phong cách sống,Thời trang,0.0,0.45454545454545453
xXC10173,Tiện ích - Nhà mạng,Viễn thông,0.0,0.45454545454545453
xXC10173,Vận tải - Giao vận,Dịch vụ giao hàng,0.0,0.45454545454545453
xXC10173,Ẩm thực,Nhà hàng - Quán ăn,0.0,0.45454545454545453
xXC10173,Ẩm thực,Đồ uống,0.0,0.45454545454545453
xXC10766,Bán lẻ FMCG,Cửa hàng tiện lợi,0.0,4.7272727272727275
xXC10766,Bán lẻ FMCG,Siêu thị,0.0,4.7272727272727275
xXC10766,Mẹ & bé,0,0.0,4.7272727272727275
xXC10766,Sức khỏe - Làm đẹp,"Mỹ phẩm - Chăm sóc da, tóc",0.0,4.7272727272727275
xXC10766,Thương mại điện tử,0,0.0,4.7272727272727275
xXC10766,Thương mại điện tử,Thương mại điện tử,0.0,4.7272727272727275
xXC10766,Thời trang và Phong cách sống,Thời trang,0.0,4.7272727272727275
xXC10766,Tiện ích - Nhà mạng,Viễn thông,0.0,4.7272727272727275
xXC10766,Vận tải - Giao vận,Dịch vụ giao hàng,0.0,4.7272727272727275
xXC10766,Ẩm thực,Nhà hàng - Quán ăn,0.0,4.7272727272727275
xXC10766,Ẩm thực,Đồ uống,0.0,4.7272727272727275
xXC11198,Bán lẻ FMCG,Cửa hàng tiện lợi,0.0,0.45454545454545453
xXC11198,Bán lẻ FMCG,Siêu thị,0.0,0.45454545454545453
xXC11198,Mẹ & bé,0,0.0,0.45454545454545453
xXC11198,Sức khỏe - Làm đẹp,"Mỹ phẩm - Chăm sóc da, tóc",0.0,0.45454545454545453
xXC11198,Thương mại điện tử,0,0.0,0.45454545454545453
xXC11198,Thương mại điện tử,Thương mại điện tử,0.0,0.45454545454545453
xXC11198,Thời trang và Phong cách sống,Thời trang,0.0,0.45454545454545453
xXC11198,Tiện ích - Nhà mạng,Viễn thông,0.0,0.45454545454545453
xXC11198,Vận tải - Giao vận,Dịch vụ giao hàng,0.0,0.45454545454545453
xXC11198,Ẩm thực,Nhà hàng - Quán ăn,0.0,0.45454545454545453
xXC11198,Ẩm thực,Đồ uống,0.0,0.45454545454545453
xXC11629,Bán lẻ FMCG,Cửa hàng tiện lợi,0.0,1.2727272727272727
xXC11629,Bán lẻ FMCG,Siêu thị,0.0,1.2727272727272727
xXC11629,Mẹ & bé,0,0.0,1.2727272727272727
xXC11629,Sức khỏe - Làm đẹp,"Mỹ phẩm - Chăm sóc da, tóc",0.0,1.2727272727272727
xXC11629,Thương mại điện tử,0,0.0,1.2727272727272727
xXC11629,Thương mại điện tử,Thương mại điện tử,0.0,1.2727272727272727
xXC11629,Thời trang và Phong cách sống,Thời trang,0.0,1.2727272727272727
xXC11629,Tiện ích - Nhà mạng,Viễn thông,0.0,1.2727272727272727
xXC11629,Vận tải - Giao vận,Dịch vụ giao hàng,0.0,1.2727272727272727
xXC11629,Ẩm thực,Nhà hàng - Quán ăn,0.0,1.2727272727272727
xXC11629,Ẩm thực,Đồ uống,0.0,1.2727272727272727
xXC12543,Bán lẻ FMCG,Cửa hàng tiện lợi,12.0,3.090909090909091
xXC12543,Bán lẻ FMCG,Siêu thị,12.0,3.090909090909091
xXC12543,Mẹ & bé,0,12.0,3.090909090909091
xXC12543,Sức khỏe - Làm đẹp,"Mỹ phẩm - Chăm sóc da, tóc",12.0,3.090909090909091
xXC12543,Thương mại điện tử,0,12.0,3.090909090909091
xXC12543,Thương mại điện tử,Thương mại điện tử,12.0,3.090909090909091
xXC12543,Thời trang và Phong cách sống,Thời trang,12.0,3.090909090909091
xXC12543,Tiện ích - Nhà mạng,Viễn thông,12.0,3.090909090909091
xXC12543,Vận tải - Giao vận,Dịch vụ giao hàng,12.0,3.090909090909091
xXC12543,Ẩm thực,Nhà hàng - Quán ăn,12.0,3.090909090909091
xXC12543,Ẩm thực,Đồ uống,12.0,3.090909090909091
xXC12555,Bán lẻ FMCG,Cửa hàng tiện lợi,63.63636363636363,41.72727272727273
xXC12555,Bán lẻ FMCG,Siêu thị,63.63636363636363,41.72727272727273
xXC12555,Mẹ & bé,0,63.63636363636363,41.72727272727273
xXC12555,Sức khỏe - Làm đẹp,"Mỹ phẩm - Chăm sóc da, tóc",63.63636363636363,41.72727272727273
xXC12555,Thương mại điện tử,0,63.63636363636363,41.72727272727273
xXC12555,Thương mại điện tử,Thương mại điện tử,63.63636363636363,41.72727272727273
xXC12555,Thời trang và Phong cách sống,Thời trang,63.63636363636363,41.72727272727273
xXC12555,Tiện ích - Nhà mạng,Viễn thông,63.63636363636363,41.72727272727273
xXC12555,Vận tải - Giao vận,Dịch vụ giao hàng,63.63636363636363,41.72727272727273
xXC12555,Ẩm thực,Nhà hàng - Quán ăn,63.63636363636363,41.72727272727273
xXC12555,Ẩm thực,Đồ uống,63.63636363636363,41.72727272727273
xXC12557,Bán lẻ FMCG,Cửa hàng tiện lợi,0.0,7.818181818181818
xXC12557,Bán lẻ FMCG,Siêu thị,0.0,7.818181818181818
xXC12557,Mẹ & bé,0,0.0,7.818181818181818
xXC12557,Sức khỏe - Làm đẹp,"Mỹ phẩm - Chăm sóc da, tóc",0.0,7.818181818181818
xXC12557,Thương mại điện tử,0,0.0,7.818181818181818
xXC12557,Thương mại điện tử,Thương mại điện tử,0.0,7.818181818181818
xXC12557,Thời trang và Phong cách sống,Thời trang,0.0,7.818181818181818
xXC12557,Tiện ích - Nhà mạng,Viễn thông,0.0,7.818181818181818
xXC12557,Vận tải - Giao vận,Dịch vụ giao hàng,0.0,7.818181818181818
xXC12557,Ẩm thực,Nhà hàng - Quán ăn,0.0,7.818181818181818
xXC12557,Ẩm thực,Đồ uống,0.0,7.818181818181818
xXC12558,Bán lẻ FMCG,Cửa hàng tiện lợi,0.0,0.2727272727272727
xXC12558,Bán lẻ FMCG,Siêu thị,0.0,0.2727272727272727
xXC12558,Mẹ & bé,0,0.0,0.2727272727272727
xXC12558,Sức khỏe - Làm đẹp,"Mỹ phẩm - Chăm sóc da, tóc",0.0,0.2727272727272727
xXC12558,Thương mại điện tử,0,0.0,0.2727272727272727
xXC12558,Thương mại điện tử,Thương mại điện tử,0.0,0.2727272727272727
xXC12558,Thời trang và Phong cách sống,Thời trang,0.0,0.2727272727272727
xXC12558,Tiện ích - Nhà mạng,Viễn thông,0.0,0.2727272727272727
xXC12558,Vận tải - Giao vận,Dịch vụ giao hàng,0.0,0.2727272727272727
xXC12558,Ẩm thực,Nhà hàng - Quán ăn,0.0,0.2727272727272727
xXC12558,Ẩm thực,Đồ uống,0.0,0.2727272727272727
xXC2417,Bán lẻ FMCG,Cửa hàng tiện lợi,0.0,0.45454545454545453
xXC2417,Bán lẻ FMCG,Siêu thị,0.0,0.45454545454545453
xXC2417,Mẹ & bé,0,0.0,0.45454545454545453
xXC2417,Sức khỏe - Làm đẹp,"Mỹ phẩm - Chăm sóc da, tóc",0.0,0.45454545454545453
xXC2417,Thương mại điện tử,0,0.0,0.45454545454545453
xXC2417,Thương mại điện tử,Thương mại điện tử,0.0,0.45454545454545453
xXC2417,Thời trang và Phong cách sống,Thời trang,0.0,0.45454545454545453
xXC2417,Tiện ích - Nhà mạng,Viễn thông,0.0,0.45454545454545453
xXC2417,Vận tải - Giao vận,Dịch vụ giao hàng,0.0,0.45454545454545453
xXC2417,Ẩm thực,Nhà hàng - Quán ăn,0.0,0.45454545454545453
xXC2417,Ẩm thực,Đồ uống,0.0,0.45454545454545453
xXC2654,Bán lẻ FMCG,Cửa hàng tiện lợi,63.63636363636363,52.27272727272727
xXC2654,Bán lẻ FMCG,Siêu thị,63.63636363636363,52.27272727272727
xXC2654,Mẹ & bé,0,63.63636363636363,52.27272727272727
xXC2654,Sức khỏe - Làm đẹp,"Mỹ phẩm - Chăm sóc da, tóc",63.63636363636363,52.27272727272727
xXC2654,Thương mại điện tử,0,63.63636363636363,52.27272727272727
xXC2654,Thương mại điện tử,Thương mại điện tử,63.63636363636363,52.27272727272727
xXC2654,Thời trang và Phong cách sống,Thời trang,63.63636363636363,52.27272727272727
xXC2654,Tiện ích - Nhà mạng,Viễn thông,63.63636363636363,52.27272727272727
xXC2654,Vận tải - Giao vận,Dịch vụ giao hàng,63.63636363636363,52.27272727272727
xXC2654,Ẩm thực,Nhà hàng - Quán ăn,63.63636363636363,52.27272727272727
xXC2654,Ẩm thực,Đồ uống,63.63636363636363,52.27272727272727
xXC3467,Bán lẻ FMCG,Cửa hàng tiện lợi,18.181818181818183,13.363636363636363
xXC3467,Bán lẻ FMCG,Siêu thị,18.181818181818183,13.363636363636363
xXC3467,Mẹ & bé,0,18.181818181818183,13.363636363636363
xXC3467,Sức khỏe - Làm đẹp,"Mỹ phẩm - Chăm sóc da, tóc",18.181818181818183,13.363636363636363
xXC3467,Thương mại điện tử,0,18.181818181818183,13.363636363636363
xXC3467,Thương mại điện tử,Thương mại điện tử,18.181818181818183,13.363636363636363
xXC3467,Thời trang và Phong cách sống,Thời trang,18.181818181818183,13.363636363636363
xXC3467,Tiện ích - Nhà mạng,Viễn thông,18.181818181818183,13.363636363636363
xXC3467,Vận tải - Giao vận,Dịch vụ giao hàng,18.181818181818183,13.363636363636363
xXC3467,Ẩm thực,Nhà hàng - Quán ăn,18.181818181818183,13.363636363636363
xXC3467,Ẩm thực,Đồ uống,18.181818181818183,13.363636363636363
xXC3704,Bán lẻ FMCG,Cửa hàng tiện lợi,163.63636363636363,163.27272727272728
xXC3704,Bán lẻ FMCG,Siêu thị,163.63636363636363,163.27272727272728
xXC3704,Mẹ & bé,0,163.63636363636363,163.27272727272728
xXC3704,Sức khỏe - Làm đẹp,"Mỹ phẩm - Chăm sóc da, tóc",163.63636363636363,163.27272727272728
xXC3704,Thương mại điện tử,0,163.63636363636363,163.27272727272728
xXC3704,Thương mại điện tử,Thương mại điện tử,163.63636363636363,163.27272727272728
xXC3704,Thời trang và Phong cách sống,Thời trang,163.63636363636363,163.27272727272728
xXC3704,Tiện ích - Nhà mạng,Viễn thông,163.63636363636363,163.27272727272728
xXC3704,Vận tải - Giao vận,Dịch vụ giao hàng,163.63636363636363,163.27272727272728
xXC3704,Ẩm thực,Nhà hàng - Quán ăn,163.63636363636363,163.27272727272728
xXC3704,Ẩm thực,Đồ uống,163.63636363636363,163.27272727272728
xXC3705,Bán lẻ FMCG,Cửa hàng tiện lợi,166.8181818181818,170.0
xXC3705,Bán lẻ FMCG,Siêu thị,166.8181818181818,170.0
xXC3705,Mẹ & bé,0,166.8181818181818,170.0
xXC3705,Sức khỏe - Làm đẹp,"Mỹ phẩm - Chăm sóc da, tóc",166.8181818181818,170.0
xXC3705,Thương mại điện tử,0,166.8181818181818,170.0
xXC3705,Thương mại điện tử,Thương mại điện tử,166.8181818181818,170.0
xXC3705,Thời trang và Phong cách sống,Thời trang,166.8181818181818,170.0
xXC3705,Tiện ích - Nhà mạng,Viễn thông,166.8181818181818,170.0
xXC3705,Vận tải - Giao vận,Dịch vụ giao hàng,166.8181818181818,170.0
xXC3705,Ẩm thực,Nhà hàng - Quán ăn,166.8181818181818,170.0
xXC3705,Ẩm thực,Đồ uống,166.8181818181818,170.0
xXC3706,Bán lẻ FMCG,Cửa hàng tiện lợi,214.27272727272728,215.8181818181818
xXC3706,Bán lẻ FMCG,Siêu thị,214.27272727272728,215.8181818181818
xXC3706,Mẹ & bé,0,214.27272727272728,215.8181818181818
xXC3706,Sức khỏe - Làm đẹp,"Mỹ phẩm - Chăm sóc da, tóc",214.27272727272728,215.8181818181818
xXC3706,Thương mại điện tử,0,214.27272727272728,215.8181818181818
xXC3706,Thương mại điện tử,Thương mại điện tử,214.27272727272728,215.8181818181818
xXC3706,Thời trang và Phong cách sống,Thời trang,214.27272727272728,215.8181818181818
xXC3706,Tiện ích - Nhà mạng,Viễn thông,214.27272727272728,215.8181818181818
xXC3706,Vận tải - Giao vận,Dịch vụ giao hàng,214.27272727272728,215.8181818181818
xXC3706,Ẩm thực,Nhà hàng - Quán ăn,214.27272727272728,215.8181818181818
xXC3706,Ẩm thực,Đồ uống,214.27272727272728,215.8181818181818
xXC3706_Clone,Bán lẻ FMCG,Cửa hàng tiện lợi,0.0,0.09090909090909091
xXC3706_Clone,Bán lẻ FMCG,Siêu thị,0.0,0.09090909090909091
xXC3706_Clone,Mẹ & bé,0,0.0,0.09090909090909091
xXC3706_Clone,Sức khỏe - Làm đẹp,"Mỹ phẩm - Chăm sóc da, tóc",0.0,0.09090909090909091
xXC3706_Clone,Thương mại điện tử,0,0.0,0.09090909090909091
xXC3706_Clone,Thương mại điện tử,Thương mại điện tử,0.0,0.09090909090909091
xXC3706_Clone,Thời trang và Phong cách sống,Thời trang,0.0,0.09090909090909091
xXC3706_Clone,Tiện ích - Nhà mạng,Viễn thông,0.0,0.09090909090909091
xXC3706_Clone,Vận tải - Giao vận,Dịch vụ giao hàng,0.0,0.09090909090909091
xXC3706_Clone,Ẩm thực,Nhà hàng - Quán ăn,0.0,0.09090909090909091
xXC3706_Clone,Ẩm thực,Đồ uống,0.0,0.09090909090909091
xXC3707,Bán lẻ FMCG,Cửa hàng tiện lợi,1072.5454545454545,1063.8181818181818
xXC3707,Bán lẻ FMCG,Siêu thị,1072.5454545454545,1063.8181818181818
xXC3707,Mẹ & bé,0,1072.5454545454545,1063.8181818181818
xXC3707,Sức khỏe - Làm đẹp,"Mỹ phẩm - Chăm sóc da, tóc",1072.5454545454545,1063.8181818181818
xXC3707,Thương mại điện tử,0,1072.5454545454545,1063.8181818181818
xXC3707,Thương mại điện tử,Thương mại điện tử,1072.5454545454545,1063.8181818181818
xXC3707,Thời trang và Phong cách sống,Thời trang,1072.5454545454545,1063.8181818181818
xXC3707,Tiện ích - Nhà mạng,Viễn thông,1072.5454545454545,1063.8181818181818
xXC3707,Vận tải - Giao vận,Dịch vụ giao hàng,1072.5454545454545,1063.8181818181818
xXC3707,Ẩm thực,Nhà hàng - Quán ăn,1072.5454545454545,1063.8181818181818
xXC3707,Ẩm thực,Đồ uống,1072.5454545454545,1063.8181818181818
xXC3713,Bán lẻ FMCG,Cửa hàng tiện lợi,35.09090909090909,36.36363636363637
xXC3713,Bán lẻ FMCG,Siêu thị,35.09090909090909,36.36363636363637
xXC3713,Mẹ & bé,0,35.09090909090909,36.36363636363637
xXC3713,Sức khỏe - Làm đẹp,"Mỹ phẩm - Chăm sóc da, tóc",35.09090909090909,36.36363636363637
xXC3713,Thương mại điện tử,0,35.09090909090909,36.36363636363637
xXC3713,Thương mại điện tử,Thương mại điện tử,35.09090909090909,36.36363636363637
xXC3713,Thời trang và Phong cách sống,Thời trang,35.09090909090909,36.36363636363637
xXC3713,Tiện ích - Nhà mạng,Viễn thông,35.09090909090909,36.36363636363637
xXC3713,Vận tải - Giao vận,Dịch vụ giao hàng,35.09090909090909,36.36363636363637
xXC3713,Ẩm thực,Nhà hàng - Quán ăn,35.09090909090909,36.36363636363637
xXC3713,Ẩm thực,Đồ uống,35.09090909090909,36.36363636363637
xXC3714,Bán lẻ FMCG,Cửa hàng tiện lợi,117.0,116.63636363636364
xXC3714,Bán lẻ FMCG,Siêu thị,117.0,116.63636363636364
xXC3714,Mẹ & bé,0,117.0,116.63636363636364
xXC3714,Sức khỏe - Làm đẹp,"Mỹ phẩm - Chăm sóc da, tóc",117.0,116.63636363636364
xXC3714,Thương mại điện tử,0,117.0,116.63636363636364
xXC3714,Thương mại điện tử,Thương mại điện tử,117.0,116.63636363636364
xXC3714,Thời trang và Phong cách sống,Thời trang,117.0,116.63636363636364
xXC3714,Tiện ích - Nhà mạng,Viễn thông,117.0,116.63636363636364
xXC3714,Vận tải - Giao vận,Dịch vụ giao hàng,117.0,116.63636363636364
xXC3714,Ẩm thực,Nhà hàng - Quán ăn,117.0,116.63636363636364
xXC3714,Ẩm thực,Đồ uống,117.0,116.63636363636364
xXC3715,Bán lẻ FMCG,Cửa hàng tiện lợi,403.90909090909093,395.3636363636364
xXC3715,Bán lẻ FMCG,Siêu thị,403.90909090909093,395.3636363636364
xXC3715,Mẹ & bé,0,403.90909090909093,395.3636363636364
xXC3715,Sức khỏe - Làm đẹp,"Mỹ phẩm - Chăm sóc da, tóc",403.90909090909093,395.3636363636364
xXC3715,Thương mại điện tử,0,403.90909090909093,395.3636363636364
xXC3715,Thương mại điện tử,Thương mại điện tử,403.90909090909093,395.3636363636364
xXC3715,Thời trang và Phong cách sống,Thời trang,403.90909090909093,395.3636363636364
xXC3715,Tiện ích - Nhà mạng,Viễn thông,403.90909090909093,395.3636363636364
xXC3715,Vận tải - Giao vận,Dịch vụ giao hàng,403.90909090909093,395.3636363636364
xXC3715,Ẩm thực,Nhà hàng - Quán ăn,403.90909090909093,395.3636363636364
xXC3715,Ẩm thực,Đồ uống,403.90909090909093,395.3636363636364
xXC3716,Bán lẻ FMCG,Cửa hàng tiện lợi,0.0,5.2727272727272725
xXC3716,Bán lẻ FMCG,Siêu thị,0.0,5.2727272727272725
xXC3716,Mẹ & bé,0,0.0,5.2727272727272725
xXC3716,Sức khỏe - Làm đẹp,"Mỹ phẩm - Chăm sóc da, tóc",0.0,5.2727272727272725
xXC3716,Thương mại điện tử,0,0.0,5.2727272727272725
xXC3716,Thương mại điện tử,Thương mại điện tử,0.0,5.2727272727272725
xXC3716,Thời trang và Phong cách sống,Thời trang,0.0,5.2727272727272725
xXC3716,Tiện ích - Nhà mạng,Viễn thông,0.0,5.2727272727272725
xXC3716,Vận tải - Giao vận,Dịch vụ giao hàng,0.0,5.2727272727272725
xXC3716,Ẩm thực,Nhà hàng - Quán ăn,0.0,5.2727272727272725
xXC3716,Ẩm thực,Đồ uống,0.0,5.2727272727272725
xXC3722,Bán lẻ FMCG,Cửa hàng tiện lợi,78.36363636363636,76.72727272727273
xXC3722,Bán lẻ FMCG,Siêu thị,78.36363636363636,76.72727272727273
xXC3722,Mẹ & bé,0,78.36363636363636,76.72727272727273
xXC3722,Sức khỏe - Làm đẹp,"Mỹ phẩm - Chăm sóc da, tóc",78.36363636363636,76.72727272727273
xXC3722,Thương mại điện tử,0,78.36363636363636,76.72727272727273
xXC3722,Thương mại điện tử,Thương mại điện tử,78.36363636363636,76.72727272727273
xXC3722,Thời trang và Phong cách sống,Thời trang,78.36363636363636,76.72727272727273
xXC3722,Tiện ích - Nhà mạng,Viễn thông,78.36363636363636,76.72727272727273
xXC3722,Vận tải - Giao vận,Dịch vụ giao hàng,78.36363636363636,76.72727272727273
xXC3722,Ẩm thực,Nhà hàng - Quán ăn,78.36363636363636,76.72727272727273
xXC3722,Ẩm thực,Đồ uống,78.36363636363636,76.72727272727273
xXC3723,Bán lẻ FMCG,Cửa hàng tiện lợi,76.18181818181819,75.9090909090909
xXC3723,Bán lẻ FMCG,Siêu thị,76.18181818181819,75.9090909090909
xXC3723,Mẹ & bé,0,76.18181818181819,75.9090909090909
xXC3723,Sức khỏe - Làm đẹp,"Mỹ phẩm - Chăm sóc da, tóc",76.18181818181819,75.9090909090909
xXC3723,Thương mại điện tử,0,76.18181818181819,75.9090909090909
xXC3723,Thương mại điện tử,Thương mại điện tử,76.18181818181819,75.9090909090909
xXC3723,Thời trang và Phong cách sống,Thời trang,76.18181818181819,75.9090909090909
xXC3723,Tiện ích - Nhà mạng,Viễn thông,76.18181818181819,75.9090909090909
xXC3723,Vận tải - Giao vận,Dịch vụ giao hàng,76.18181818181819,75.9090909090909
xXC3723,Ẩm thực,Nhà hàng - Quán ăn,76.18181818181819,75.9090909090909
xXC3723,Ẩm thực,Đồ uống,76.18181818181819,75.9090909090909
xXC3724,Bán lẻ FMCG,Cửa hàng tiện lợi,271.72727272727275,270.90909090909093
xXC3724,Bán lẻ FMCG,Siêu thị,271.72727272727275,270.90909090909093
xXC3724,Mẹ & bé,0,271.72727272727275,270.90909090909093
xXC3724,Sức khỏe - Làm đẹp,"Mỹ phẩm - Chăm sóc da, tóc",271.72727272727275,270.90909090909093
xXC3724,Thương mại điện tử,0,271.72727272727275,270.90909090909093
xXC3724,Thương mại điện tử,Thương mại điện tử,271.72727272727275,270.90909090909093
xXC3724,Thời trang và Phong cách sống,Thời trang,271.72727272727275,270.90909090909093
xXC3724,Tiện ích - Nhà mạng,Viễn thông,271.72727272727275,270.90909090909093
xXC3724,Vận tải - Giao vận,Dịch vụ giao hàng,271.72727272727275,270.90909090909093
xXC3724,Ẩm thực,Nhà hàng - Quán ăn,271.72727272727275,270.90909090909093
xXC3724,Ẩm thực,Đồ uống,271.72727272727275,270.90909090909093
xXC3725,Bán lẻ FMCG,Cửa hàng tiện lợi,259.3636363636364,249.72727272727272
xXC3725,Bán lẻ FMCG,Siêu thị,259.3636363636364,249.72727272727272
xXC3725,Mẹ & bé,0,259.3636363636364,249.72727272727272
xXC3725,Sức khỏe - Làm đẹp,"Mỹ phẩm - Chăm sóc da, tóc",259.3636363636364,249.72727272727272
xXC3725,Thương mại điện tử,0,259.3636363636364,249.72727272727272
xXC3725,Thương mại điện tử,Thương mại điện tử,259.3636363636364,249.72727272727272
xXC3725,Thời trang và Phong cách sống,Thời trang,259.3636363636364,249.72727272727272
xXC3725,Tiện ích - Nhà mạng,Viễn thông,259.3636363636364,249.72727272727272
xXC3725,Vận tải - Giao vận,Dịch vụ giao hàng,259.3636363636364,249.72727272727272
xXC3725,Ẩm thực,Nhà hàng - Quán ăn,259.3636363636364,249.72727272727272
xXC3725,Ẩm thực,Đồ uống,259.3636363636364,249.72727272727272
xXC3726,Bán lẻ FMCG,Cửa hàng tiện lợi,0.0,0.09090909090909091
xXC3726,Bán lẻ FMCG,Siêu thị,0.0,0.09090909090909091
xXC3726,Mẹ & bé,0,0.0,0.09090909090909091
xXC3726,Sức khỏe - Làm đẹp,"Mỹ phẩm - Chăm sóc da, tóc",0.0,0.09090909090909091
xXC3726,Thương mại điện tử,0,0.0,0.09090909090909091
xXC3726,Thương mại điện tử,Thương mại điện tử,0.0,0.09090909090909091
xXC3726,Thời trang và Phong cách sống,Thời trang,0.0,0.09090909090909091
xXC3726,Tiện ích - Nhà mạng,Viễn thông,0.0,0.09090909090909091
xXC3726,Vận tải - Giao vận,Dịch vụ giao hàng,0.0,0.09090909090909091
xXC3726,Ẩm thực,Nhà hàng - Quán ăn,0.0,0.09090909090909091
xXC3726,Ẩm thực,Đồ uống,0.0,0.09090909090909091
xXC3740,Bán lẻ FMCG,Cửa hàng tiện lợi,33.72727272727273,32.18181818181818
xXC3740,Bán lẻ FMCG,Siêu thị,33.72727272727273,32.18181818181818
xXC3740,Mẹ & bé,0,33.72727272727273,32.18181818181818
xXC3740,Sức khỏe - Làm đẹp,"Mỹ phẩm - Chăm sóc da, tóc",33.72727272727273,32.18181818181818
xXC3740,Thương mại điện tử,0,33.72727272727273,32.18181818181818
xXC3740,Thương mại điện tử,Thương mại điện tử,33.72727272727273,32.18181818181818
xXC3740,Thời trang và Phong cách sống,Thời trang,33.72727272727273,32.18181818181818
xXC3740,Tiện ích - Nhà mạng,Viễn thông,33.72727272727273,32.18181818181818
xXC3740,Vận tải - Giao vận,Dịch vụ giao hàng,33.72727272727273,32.18181818181818
xXC3740,Ẩm thực,Nhà hàng - Quán ăn,33.72727272727273,32.18181818181818
xXC3740,Ẩm thực,Đồ uống,33.72727272727273,32.18181818181818
xXC3741,Bán lẻ FMCG,Cửa hàng tiện lợi,20.272727272727273,20.363636363636363
xXC3741,Bán lẻ FMCG,Siêu thị,20.272727272727273,20.363636363636363
xXC3741,Mẹ & bé,0,20.272727272727273,20.363636363636363
xXC3741,Sức khỏe - Làm đẹp,"Mỹ phẩm - Chăm sóc da, tóc",20.272727272727273,20.363636363636363
xXC3741,Thương mại điện tử,0,20.272727272727273,20.363636363636363
xXC3741,Thương mại điện tử,Thương mại điện tử,20.272727272727273,20.363636363636363
xXC3741,Thời trang và Phong cách sống,Thời trang,20.272727272727273,20.363636363636363
xXC3741,Tiện ích - Nhà mạng,Viễn thông,20.272727272727273,20.363636363636363
xXC3741,Vận tải - Giao vận,Dịch vụ giao hàng,20.272727272727273,20.363636363636363
xXC3741,Ẩm thực,Nhà hàng - Quán ăn,20.272727272727273,20.363636363636363
xXC3741,Ẩm thực,Đồ uống,20.272727272727273,20.363636363636363
xXC3743,Bán lẻ FMCG,Cửa hàng tiện lợi,62.18181818181818,60.36363636363637
xXC3743,Bán lẻ FMCG,Siêu thị,62.18181818181818,60.36363636363637
xXC3743,Mẹ & bé,0,62.18181818181818,60.36363636363637
xXC3743,Sức khỏe - Làm đẹp,"Mỹ phẩm - Chăm sóc da, tóc",62.18181818181818,60.36363636363637
xXC3743,Thương mại điện tử,0,62.18181818181818,60.36363636363637
xXC3743,Thương mại điện tử,Thương mại điện tử,62.18181818181818,60.36363636363637
xXC3743,Thời trang và Phong cách sống,Thời trang,62.18181818181818,60.36363636363637
xXC3743,Tiện ích - Nhà mạng,Viễn thông,62.18181818181818,60.36363636363637
xXC3743,Vận tải - Giao vận,Dịch vụ giao hàng,62.18181818181818,60.36363636363637
xXC3743,Ẩm thực,Nhà hàng - Quán ăn,62.18181818181818,60.36363636363637
xXC3743,Ẩm thực,Đồ uống,62.18181818181818,60.36363636363637
xXC3755,Bán lẻ FMCG,Cửa hàng tiện lợi,14.818181818181818,14.818181818181818
xXC3755,Bán lẻ FMCG,Siêu thị,14.818181818181818,14.818181818181818
xXC3755,Mẹ & bé,0,14.818181818181818,14.818181818181818
xXC3755,Sức khỏe - Làm đẹp,"Mỹ phẩm - Chăm sóc da, tóc",14.818181818181818,14.818181818181818
xXC3755,Thương mại điện tử,0,14.818181818181818,14.818181818181818
xXC3755,Thương mại điện tử,Thương mại điện tử,14.818181818181818,14.818181818181818
xXC3755,Thời trang và Phong cách sống,Thời trang,14.818181818181818,14.818181818181818
xXC3755,Tiện ích - Nhà mạng,Viễn thông,14.818181818181818,14.818181818181818
xXC3755,Vận tải - Giao vận,Dịch vụ giao hàng,14.818181818181818,14.818181818181818
xXC3755,Ẩm thực,Nhà hàng - Quán ăn,14.818181818181818,14.818181818181818
xXC3755,Ẩm thực,Đồ uống,14.818181818181818,14.818181818181818
xXC3761,Bán lẻ FMCG,Cửa hàng tiện lợi,0.0,0.09090909090909091
xXC3761,Bán lẻ FMCG,Siêu thị,0.0,0.09090909090909091
xXC3761,Mẹ & bé,0,0.0,0.09090909090909091
xXC3761,Sức khỏe - Làm đẹp,"Mỹ phẩm - Chăm sóc da, tóc",0.0,0.09090909090909091
xXC3761,Thương mại điện tử,0,0.0,0.09090909090909091
xXC3761,Thương mại điện tử,Thương mại điện tử,0.0,0.09090909090909091
xXC3761,Thời trang và Phong cách sống,Thời trang,0.0,0.09090909090909091
xXC3761,Tiện ích - Nhà mạng,Viễn thông,0.0,0.09090909090909091
xXC3761,Vận tải - Giao vận,Dịch vụ giao hàng,0.0,0.09090909090909091
xXC3761,Ẩm thực,Nhà hàng - Quán ăn,0.0,0.09090909090909091
xXC3761,Ẩm thực,Đồ uống,0.0,0.09090909090909091
xXC3767,Bán lẻ FMCG,Cửa hàng tiện lợi,11.181818181818182,10.909090909090908
xXC3767,Bán lẻ FMCG,Siêu thị,11.181818181818182,10.909090909090908
xXC3767,Mẹ & bé,0,11.181818181818182,10.909090909090908
xXC3767,Sức khỏe - Làm đẹp,"Mỹ phẩm - Chăm sóc da, tóc",11.181818181818182,10.909090909090908
xXC3767,Thương mại điện tử,0,11.181818181818182,10.909090909090908
xXC3767,Thương mại điện tử,Thương mại điện tử,11.181818181818182,10.909090909090908
xXC3767,Thời trang và Phong cách sống,Thời trang,11.181818181818182,10.909090909090908
xXC3767,Tiện ích - Nhà mạng,Viễn thông,11.181818181818182,10.909090909090908
xXC3767,Vận tải - Giao vận,Dịch vụ giao hàng,11.181818181818182,10.909090909090908
xXC3767,Ẩm thực,Nhà hàng - Quán ăn,11.181818181818182,10.909090909090908
xXC3767,Ẩm thực,Đồ uống,11.181818181818182,10.909090909090908
xXC4711,Bán lẻ FMCG,Cửa hàng tiện lợi,0.0,1.2727272727272727
xXC4711,Bán lẻ FMCG,Siêu thị,0.0,1.2727272727272727
xXC4711,Mẹ & bé,0,0.0,1.2727272727272727
xXC4711,Sức khỏe - Làm đẹp,"Mỹ phẩm - Chăm sóc da, tóc",0.0,1.2727272727272727
xXC4711,Thương mại điện tử,0,0.0,1.2727272727272727
xXC4711,Thương mại điện tử,Thương mại điện tử,0.0,1.2727272727272727
xXC4711,Thời trang và Phong cách sống,Thời trang,0.0,1.2727272727272727
xXC4711,Tiện ích - Nhà mạng,Viễn thông,0.0,1.2727272727272727
xXC4711,Vận tải - Giao vận,Dịch vụ giao hàng,0.0,1.2727272727272727
xXC4711,Ẩm thực,Nhà hàng - Quán ăn,0.0,1.2727272727272727
xXC4711,Ẩm thực,Đồ uống,0.0,1.2727272727272727
xXC4760,Bán lẻ FMCG,Cửa hàng tiện lợi,0.0,4.090909090909091
xXC4760,Bán lẻ FMCG,Siêu thị,0.0,4.090909090909091
xXC4760,Mẹ & bé,0,0.0,4.090909090909091
xXC4760,Sức khỏe - Làm đẹp,"Mỹ phẩm - Chăm sóc da, tóc",0.0,4.090909090909091
xXC4760,Thương mại điện tử,0,0.0,4.090909090909091
xXC4760,Thương mại điện tử,Thương mại điện tử,0.0,4.090909090909091
xXC4760,Thời trang và Phong cách sống,Thời trang,0.0,4.090909090909091
xXC4760,Tiện ích - Nhà mạng,Viễn thông,0.0,4.090909090909091
xXC4760,Vận tải - Giao vận,Dịch vụ giao hàng,0.0,4.090909090909091
xXC4760,Ẩm thực,Nhà hàng - Quán ăn,0.0,4.090909090909091
xXC4760,Ẩm thực,Đồ uống,0.0,4.090909090909091
xXC4774,Bán lẻ FMCG,Cửa hàng tiện lợi,0.0,1.9090909090909092
xXC4774,Bán lẻ FMCG,Siêu thị,0.0,1.9090909090909092
xXC4774,Mẹ & bé,0,0.0,1.9090909090909092
xXC4774,Sức khỏe - Làm đẹp,"Mỹ phẩm - Chăm sóc da, tóc",0.0,1.9090909090909092
xXC4774,Thương mại điện tử,0,0.0,1.9090909090909092
xXC4774,Thương mại điện tử,Thương mại điện tử,0.0,1.9090909090909092
xXC4774,Thời trang và Phong cách sống,Thời trang,0.0,1.9090909090909092
xXC4774,Tiện ích - Nhà mạng,Viễn thông,0.0,1.9090909090909092
xXC4774,Vận tải - Giao vận,Dịch vụ giao hàng,0.0,1.9090909090909092
xXC4774,Ẩm thực,Nhà hàng - Quán ăn,0.0,1.9090909090909092
xXC4774,Ẩm thực,Đồ uống,0.0,1.9090909090909092
xXC4783,Bán lẻ FMCG,Cửa hàng tiện lợi,0.0,2.909090909090909
xXC4783,Bán lẻ FMCG,Siêu thị,0.0,2.909090909090909
xXC4783,Mẹ & bé,0,0.0,2.909090909090909
xXC4783,Sức khỏe - Làm đẹp,"Mỹ phẩm - Chăm sóc da, tóc",0.0,2.909090909090909
xXC4783,Thương mại điện tử,0,0.0,2.909090909090909
xXC4783,Thương mại điện tử,Thương mại điện tử,0.0,2.909090909090909
xXC4783,Thời trang và Phong cách sống,Thời trang,0.0,2.909090909090909
xXC4783,Tiện ích - Nhà mạng,Viễn thông,0.0,2.909090909090909
xXC4783,Vận tải - Giao vận,Dịch vụ giao hàng,0.0,2.909090909090909
xXC4783,Ẩm thực,Nhà hàng - Quán ăn,0.0,2.909090909090909
xXC4783,Ẩm thực,Đồ uống,0.0,2.909090909090909
xXC4860,Bán lẻ FMCG,Cửa hàng tiện lợi,0.0,0.8181818181818182
xXC4860,Bán lẻ FMCG,Siêu thị,0.0,0.8181818181818182
xXC4860,Mẹ & bé,0,0.0,0.8181818181818182
xXC4860,Sức khỏe - Làm đẹp,"Mỹ phẩm - Chăm sóc da, tóc",0.0,0.8181818181818182
xXC4860,Thương mại điện tử,0,0.0,0.8181818181818182
xXC4860,Thương mại điện tử,Thương mại điện tử,0.0,0.8181818181818182
xXC4860,Thời trang và Phong cách sống,Thời trang,0.0,0.8181818181818182
xXC4860,Tiện ích - Nhà mạng,Viễn thông,0.0,0.8181818181818182
xXC4860,Vận tải - Giao vận,Dịch vụ giao hàng,0.0,0.8181818181818182
xXC4860,Ẩm thực,Nhà hàng - Quán ăn,0.0,0.8181818181818182
xXC4860,Ẩm thực,Đồ uống,0.0,0.8181818181818182
xXC4866,Bán lẻ FMCG,Cửa hàng tiện lợi,0.0,0.2727272727272727
xXC4866,Bán lẻ FMCG,Siêu thị,0.0,0.2727272727272727
xXC4866,Mẹ & bé,0,0.0,0.2727272727272727
xXC4866,Sức khỏe - Làm đẹp,"Mỹ phẩm - Chăm sóc da, tóc",0.0,0.2727272727272727
xXC4866,Thương mại điện tử,0,0.0,0.2727272727272727
xXC4866,Thương mại điện tử,Thương mại điện tử,0.0,0.2727272727272727
xXC4866,Thời trang và Phong cách sống,Thời trang,0.0,0.2727272727272727
xXC4866,Tiện ích - Nhà mạng,Viễn thông,0.0,0.2727272727272727
xXC4866,Vận tải - Giao vận,Dịch vụ giao hàng,0.0,0.2727272727272727
xXC4866,Ẩm thực,Nhà hàng - Quán ăn,0.0,0.2727272727272727
xXC4866,Ẩm thực,Đồ uống,0.0,0.2727272727272727
xXC5033,Bán lẻ FMCG,Cửa hàng tiện lợi,0.0,0.2727272727272727
xXC5033,Bán lẻ FMCG,Siêu thị,0.0,0.2727272727272727
xXC5033,Mẹ & bé,0,0.0,0.2727272727272727
xXC5033,Sức khỏe - Làm đẹp,"Mỹ phẩm - Chăm sóc da, tóc",0.0,0.2727272727272727
xXC5033,Thương mại điện tử,0,0.0,0.2727272727272727
xXC5033,Thương mại điện tử,Thương mại điện tử,0.0,0.2727272727272727
xXC5033,Thời trang và Phong cách sống,Thời trang,0.0,0.2727272727272727
xXC5033,Tiện ích - Nhà mạng,Viễn thông,0.0,0.2727272727272727
xXC5033,Vận tải - Giao vận,Dịch vụ giao hàng,0.0,0.2727272727272727
xXC5033,Ẩm thực,Nhà hàng - Quán ăn,0.0,0.2727272727272727
xXC5033,Ẩm thực,Đồ uống,0.0,0.2727272727272727
xXC5086,Bán lẻ FMCG,Cửa hàng tiện lợi,0.0,1.6363636363636365
xXC5086,Bán lẻ FMCG,Siêu thị,0.0,1.6363636363636365
xXC5086,Mẹ & bé,0,0.0,1.6363636363636365
xXC5086,Sức khỏe - Làm đẹp,"Mỹ phẩm - Chăm sóc da, tóc",0.0,1.6363636363636365
xXC5086,Thương mại điện tử,0,0.0,1.6363636363636365
xXC5086,Thương mại điện tử,Thương mại điện tử,0.0,1.6363636363636365
xXC5086,Thời trang và Phong cách sống,Thời trang,0.0,1.6363636363636365
xXC5086,Tiện ích - Nhà mạng,Viễn thông,0.0,1.6363636363636365
xXC5086,Vận tải - Giao vận,Dịch vụ giao hàng,0.0,1.6363636363636365
xXC5086,Ẩm thực,Nhà hàng - Quán ăn,0.0,1.6363636363636365
xXC5086,Ẩm thực,Đồ uống,0.0,1.6363636363636365
xXC5103,Bán lẻ FMCG,Cửa hàng tiện lợi,0.0,0.7272727272727273
xXC5103,Bán lẻ FMCG,Siêu thị,0.0,0.7272727272727273
xXC5103,Mẹ & bé,0,0.0,0.7272727272727273
xXC5103,Sức khỏe - Làm đẹp,"Mỹ phẩm - Chăm sóc da, tóc",0.0,0.7272727272727273
xXC5103,Thương mại điện tử,0,0.0,0.7272727272727273
xXC5103,Thương mại điện tử,Thương mại điện tử,0.0,0.7272727272727273
xXC5103,Thời trang và Phong cách sống,Thời trang,0.0,0.7272727272727273
xXC5103,Tiện ích - Nhà mạng,Viễn thông,0.0,0.7272727272727273
xXC5103,Vận tải - Giao vận,Dịch vụ giao hàng,0.0,0.7272727272727273
xXC5103,Ẩm thực,Nhà hàng - Quán ăn,0.0,0.7272727272727273
xXC5103,Ẩm thực,Đồ uống,0.0,0.7272727272727273
xXC5162,Bán lẻ FMCG,Cửa hàng tiện lợi,0.0,4.7272727272727275
xXC5162,Bán lẻ FMCG,Siêu thị,0.0,4.7272727272727275
xXC5162,Mẹ & bé,0,0.0,4.7272727272727275
xXC5162,Sức khỏe - Làm đẹp,"Mỹ phẩm - Chăm sóc da, tóc",0.0,4.7272727272727275
xXC5162,Thương mại điện tử,0,0.0,4.7272727272727275
xXC5162,Thương mại điện tử,Thương mại điện tử,0.0,4.7272727272727275
xXC5162,Thời trang và Phong cách sống,Thời trang,0.0,4.7272727272727275
xXC5162,Tiện ích - Nhà mạng,Viễn thông,0.0,4.7272727272727275
xXC5162,Vận tải - Giao vận,Dịch vụ giao hàng,0.0,4.7272727272727275
xXC5162,Ẩm thực,Nhà hàng - Quán ăn,0.0,4.7272727272727275
xXC5162,Ẩm thực,Đồ uống,0.0,4.7272727272727275
xXC5181,Bán lẻ FMCG,Cửa hàng tiện lợi,0.0,1.6363636363636365
xXC5181,Bán lẻ FMCG,Siêu thị,0.0,1.6363636363636365
xXC5181,Mẹ & bé,0,0.0,1.6363636363636365
xXC5181,Sức khỏe - Làm đẹp,"Mỹ phẩm - Chăm sóc da, tóc",0.0,1.6363636363636365
xXC5181,Thương mại điện tử,0,0.0,1.6363636363636365
xXC5181,Thương mại điện tử,Thương mại điện tử,0.0,1.6363636363636365
xXC5181,Thời trang và Phong cách sống,Thời trang,0.0,1.6363636363636365
xXC5181,Tiện ích - Nhà mạng,Viễn thông,0.0,1.6363636363636365
xXC5181,Vận tải - Giao vận,Dịch vụ giao hàng,0.0,1.6363636363636365
xXC5181,Ẩm thực,Nhà hàng - Quán ăn,0.0,1.6363636363636365
xXC5181,Ẩm thực,Đồ uống,0.0,1.6363636363636365
xXC5218,Bán lẻ FMCG,Cửa hàng tiện lợi,11.545454545454545,4.909090909090909
xXC5218,Bán lẻ FMCG,Siêu thị,11.545454545454545,4.909090909090909
xXC5218,Mẹ & bé,0,11.545454545454545,4.909090909090909
xXC5218,Sức khỏe - Làm đẹp,"Mỹ phẩm - Chăm sóc da, tóc",11.545454545454545,4.909090909090909
xXC5218,Thương mại điện tử,0,11.545454545454545,4.909090909090909
xXC5218,Thương mại điện tử,Thương mại điện tử,11.545454545454545,4.909090909090909
xXC5218,Thời trang và Phong cách sống,Thời trang,11.545454545454545,4.909090909090909
xXC5218,Tiện ích - Nhà mạng,Viễn thông,11.545454545454545,4.909090909090909
xXC5218,Vận tải - Giao vận,Dịch vụ giao hàng,11.545454545454545,4.909090909090909
xXC5218,Ẩm thực,Nhà hàng - Quán ăn,11.545454545454545,4.909090909090909
xXC5218,Ẩm thực,Đồ uống,11.545454545454545,4.909090909090909
xXC5508,Bán lẻ FMCG,Cửa hàng tiện lợi,0.0,1.0
xXC5508,Bán lẻ FMCG,Siêu thị,0.0,1.0
xXC5508,Mẹ & bé,0,0.0,1.0
xXC5508,Sức khỏe - Làm đẹp,"Mỹ phẩm - Chăm sóc da, tóc",0.0,1.0
xXC5508,Thương mại điện tử,0,0.0,1.0
xXC5508,Thương mại điện tử,Thương mại điện tử,0.0,1.0
xXC5508,Thời trang và Phong cách sống,Thời trang,0.0,1.0
xXC5508,Tiện ích - Nhà mạng,Viễn thông,0.0,1.0
xXC5508,Vận tải - Giao vận,Dịch vụ giao hàng,0.0,1.0
xXC5508,Ẩm thực,Nhà hàng - Quán ăn,0.0,1.0
xXC5508,Ẩm thực,Đồ uống,0.0,1.0
xXC579,Bán lẻ FMCG,Cửa hàng tiện lợi,0.0,2.4545454545454546
xXC579,Bán lẻ FMCG,Siêu thị,0.0,2.4545454545454546
xXC579,Mẹ & bé,0,0.0,2.4545454545454546
xXC579,Sức khỏe - Làm đẹp,"Mỹ phẩm - Chăm sóc da, tóc",0.0,2.4545454545454546
xXC579,Thương mại điện tử,0,0.0,2.4545454545454546
xXC579,Thương mại điện tử,Thương mại điện tử,0.0,2.4545454545454546
xXC579,Thời trang và Phong cách sống,Thời trang,0.0,2.4545454545454546
xXC579,Tiện ích - Nhà mạng,Viễn thông,0.0,2.4545454545454546
xXC579,Vận tải - Giao vận,Dịch vụ giao hàng,0.0,2.4545454545454546
xXC579,Ẩm thực,Nhà hàng - Quán ăn,0.0,2.4545454545454546
xXC579,Ẩm thực,Đồ uống,0.0,2.4545454545454546
xXC618,Bán lẻ FMCG,Cửa hàng tiện lợi,18.181818181818183,14.181818181818182
xXC618,Bán lẻ FMCG,Siêu thị,18.181818181818183,14.181818181818182
xXC618,Mẹ & bé,0,18.181818181818183,14.181818181818182
xXC618,Sức khỏe - Làm đẹp,"Mỹ phẩm - Chăm sóc da, tóc",18.181818181818183,14.181818181818182
xXC618,Thương mại điện tử,0,18.181818181818183,14.181818181818182
xXC618,Thương mại điện tử,Thương mại điện tử,18.181818181818183,14.181818181818182
xXC618,Thời trang và Phong cách sống,Thời trang,18.181818181818183,14.181818181818182
xXC618,Tiện ích - Nhà mạng,Viễn thông,18.181818181818183,14.181818181818182
xXC618,Vận tải - Giao vận,Dịch vụ giao hàng,18.181818181818183,14.181818181818182
xXC618,Ẩm thực,Nhà hàng - Quán ăn,18.181818181818183,14.181818181818182
xXC618,Ẩm thực,Đồ uống,18.181818181818183,14.181818181818182
xXC6198,Bán lẻ FMCG,Cửa hàng tiện lợi,0.0,0.5454545454545454
xXC6198,Bán lẻ FMCG,Siêu thị,0.0,0.5454545454545454
xXC6198,Mẹ & bé,0,0.0,0.5454545454545454
xXC6198,Sức khỏe - Làm đẹp,"Mỹ phẩm - Chăm sóc da, tóc",0.0,0.5454545454545454
xXC6198,Thương mại điện tử,0,0.0,0.5454545454545454
xXC6198,Thương mại điện tử,Thương mại điện tử,0.0,0.5454545454545454
xXC6198,Thời trang và Phong cách sống,Thời trang,0.0,0.5454545454545454
xXC6198,Tiện ích - Nhà mạng,Viễn thông,0.0,0.5454545454545454
xXC6198,Vận tải - Giao vận,Dịch vụ giao hàng,0.0,0.5454545454545454
xXC6198,Ẩm thực,Nhà hàng - Quán ăn,0.0,0.5454545454545454
xXC6198,Ẩm thực,Đồ uống,0.0,0.5454545454545454
xXC6438,Bán lẻ FMCG,Cửa hàng tiện lợi,0.0,0.9090909090909091
xXC6438,Bán lẻ FMCG,Siêu thị,0.0,0.9090909090909091
xXC6438,Mẹ & bé,0,0.0,0.9090909090909091
xXC6438,Sức khỏe - Làm đẹp,"Mỹ phẩm - Chăm sóc da, tóc",0.0,0.9090909090909091
xXC6438,Thương mại điện tử,0,0.0,0.9090909090909091
xXC6438,Thương mại điện tử,Thương mại điện tử,0.0,0.9090909090909091
xXC6438,Thời trang và Phong cách sống,Thời trang,0.0,0.9090909090909091
xXC6438,Tiện ích - Nhà mạng,Viễn thông,0.0,0.9090909090909091
xXC6438,Vận tải - Giao vận,Dịch vụ giao hàng,0.0,0.9090909090909091
xXC6438,Ẩm thực,Nhà hàng - Quán ăn,0.0,0.9090909090909091
xXC6438,Ẩm thực,Đồ uống,0.0,0.9090909090909091
xXC6895,Bán lẻ FMCG,Cửa hàng tiện lợi,0.0,0.36363636363636365
xXC6895,Bán lẻ FMCG,Siêu thị,0.0,0.36363636363636365
xXC6895,Mẹ & bé,0,0.0,0.36363636363636365
xXC6895,Sức khỏe - Làm đẹp,"Mỹ phẩm - Chăm sóc da, tóc",0.0,0.36363636363636365
xXC6895,Thương mại điện tử,0,0.0,0.36363636363636365
xXC6895,Thương mại điện tử,Thương mại điện tử,0.0,0.36363636363636365
xXC6895,Thời trang và Phong cách sống,Thời trang,0.0,0.36363636363636365
xXC6895,Tiện ích - Nhà mạng,Viễn thông,0.0,0.36363636363636365
xXC6895,Vận tải - Giao vận,Dịch vụ giao hàng,0.0,0.36363636363636365
xXC6895,Ẩm thực,Nhà hàng - Quán ăn,0.0,0.36363636363636365
xXC6895,Ẩm thực,Đồ uống,0.0,0.36363636363636365
xXC8525,Bán lẻ FMCG,Cửa hàng tiện lợi,0.0,0.18181818181818182
xXC8525,Bán lẻ FMCG,Siêu thị,0.0,0.18181818181818182
xXC8525,Mẹ & bé,0,0.0,0.18181818181818182
xXC8525,Sức khỏe - Làm đẹp,"Mỹ phẩm - Chăm sóc da, tóc",0.0,0.18181818181818182
xXC8525,Thương mại điện tử,0,0.0,0.18181818181818182
xXC8525,Thương mại điện tử,Thương mại điện tử,0.0,0.18181818181818182
xXC8525,Thời trang và Phong cách sống,Thời trang,0.0,0.18181818181818182
xXC8525,Tiện ích - Nhà mạng,Viễn thông,0.0,0.18181818181818182
xXC8525,Vận tải - Giao vận,Dịch vụ giao hàng,0.0,0.18181818181818182
xXC8525,Ẩm thực,Nhà hàng - Quán ăn,0.0,0.18181818181818182
xXC8525,Ẩm thực,Đồ uống,0.0,0.18181818181818182
xXC8791,Bán lẻ FMCG,Cửa hàng tiện lợi,12.090909090909092,2.3636363636363638
xXC8791,Bán lẻ FMCG,Siêu thị,12.090909090909092,2.3636363636363638
xXC8791,Mẹ & bé,0,12.090909090909092,2.3636363636363638
xXC8791,Sức khỏe - Làm đẹp,"Mỹ phẩm - Chăm sóc da, tóc",12.090909090909092,2.3636363636363638
xXC8791,Thương mại điện tử,0,12.090909090909092,2.3636363636363638
xXC8791,Thương mại điện tử,Thương mại điện tử,12.090909090909092,2.3636363636363638
xXC8791,Thời trang và Phong cách sống,Thời trang,12.090909090909092,2.3636363636363638
xXC8791,Tiện ích - Nhà mạng,Viễn thông,12.090909090909092,2.3636363636363638
xXC8791,Vận tải - Giao vận,Dịch vụ giao hàng,12.090909090909092,2.3636363636363638
xXC8791,Ẩm thực,Nhà hàng - Quán ăn,12.090909090909092,2.3636363636363638
xXC8791,Ẩm thực,Đồ uống,12.090909090909092,2.3636363636363638
xXC89,Bán lẻ FMCG,Cửa hàng tiện lợi,0.0,0.5454545454545454
xXC89,Bán lẻ FMCG,Siêu thị,0.0,0.5454545454545454
xXC89,Mẹ & bé,0,0.0,0.5454545454545454
xXC89,Sức khỏe - Làm đẹp,"Mỹ phẩm - Chăm sóc da, tóc",0.0,0.5454545454545454
xXC89,Thương mại điện tử,0,0.0,0.5454545454545454
xXC89,Thương mại điện tử,Thương mại điện tử,0.0,0.5454545454545454
xXC89,Thời trang và Phong cách sống,Thời trang,0.0,0.5454545454545454
xXC89,Tiện ích - Nhà mạng,Viễn thông,0.0,0.5454545454545454
xXC89,Vận tải - Giao vận,Dịch vụ giao hàng,0.0,0.5454545454545454
xXC89,Ẩm thực,Nhà hàng - Quán ăn,0.0,0.5454545454545454
xXC89,Ẩm thực,Đồ uống,0.0,0.5454545454545454
xXC8900,Bán lẻ FMCG,Cửa hàng tiện lợi,36.36363636363637,23.90909090909091
xXC8900,Bán lẻ FMCG,Siêu thị,36.36363636363637,23.90909090909091
xXC8900,Mẹ & bé,0,36.36363636363637,23.90909090909091
xXC8900,Sức khỏe - Làm đẹp,"Mỹ phẩm - Chăm sóc da, tóc",36.36363636363637,23.90909090909091
xXC8900,Thương mại điện tử,0,36.36363636363637,23.90909090909091
xXC8900,Thương mại điện tử,Thương mại điện tử,36.36363636363637,23.90909090909091
xXC8900,Thời trang và Phong cách sống,Thời trang,36.36363636363637,23.90909090909091
xXC8900,Tiện ích - Nhà mạng,Viễn thông,36.36363636363637,23.90909090909091
xXC8900,Vận tải - Giao vận,Dịch vụ giao hàng,36.36363636363637,23.90909090909091
xXC8900,Ẩm thực,Nhà hàng - Quán ăn,36.36363636363637,23.90909090909091
xXC8900,Ẩm thực,Đồ uống,36.36363636363637,23.90909090909091
xXC9242,Bán lẻ FMCG,Cửa hàng tiện lợi,36.36363636363637,23.272727272727273
xXC9242,Bán lẻ FMCG,Siêu thị,36.36363636363637,23.272727272727273
xXC9242,Mẹ & bé,0,36.36363636363637,23.272727272727273
xXC9242,Sức khỏe - Làm đẹp,"Mỹ phẩm - Chăm sóc da, tóc",36.36363636363637,23.272727272727273
xXC9242,Thương mại điện tử,0,36.36363636363637,23.272727272727273
xXC9242,Thương mại điện tử,Thương mại điện tử,36.36363636363637,23.272727272727273
xXC9242,Thời trang và Phong cách sống,Thời trang,36.36363636363637,23.272727272727273
xXC9242,Tiện ích - Nhà mạng,Viễn thông,36.36363636363637,23.272727272727273
xXC9242,Vận tải - Giao vận,Dịch vụ giao hàng,36.36363636363637,23.272727272727273
xXC9242,Ẩm thực,Nhà hàng - Quán ăn,36.36363636363637,23.272727272727273
xXC9242,Ẩm thực,Đồ uống,36.36363636363637,23.272727272727273
